Enhanced Title,Enhanced Description,Sprint,Dependency,MVP Capability Delivered
Deliver Consistent Operational Data Intake Governance,"Business Objective: Ensure operational information is gathered consistently so health decisions are based on complete and current evidence. | Scope: Include oversight practices, evidence retention expectations, and operating guidance to sustain reliable daily use. | Implementation Guidance: Develop a system that records activity history, preserves required evidence, and guides teams through repeatable operations. | Expected Outcome: Operations teams can run the capability confidently with traceable oversight and repeatable execution.",Sprint 1,Provide Consistent Operational Data Intake Control Policies,Operations teams can register monitored assets and view first-line health status in one place.
Deliver Infrastructure Health Visibility Governance,"Business Objective: Give operations teams clear visibility into computing resource strain before service quality is impacted. | Scope: Include oversight practices, evidence retention expectations, and operating guidance to sustain reliable daily use. | Implementation Guidance: Develop a system that records activity history, preserves required evidence, and guides teams through repeatable operations. | Expected Outcome: Operations teams can run the capability confidently with traceable oversight and repeatable execution.",Sprint 1,Provide Infrastructure Health Visibility Control Policies,Operations teams can register monitored assets and view first-line health status in one place.
Deliver Secure and Accountable Monitoring Access Governance,"Business Objective: Protect monitoring workflows so only authorized staff can view, change, and act on sensitive operational information. | Scope: Include oversight practices, evidence retention expectations, and operating guidance to sustain reliable daily use. | Implementation Guidance: Develop a system that records activity history, preserves required evidence, and guides teams through repeatable operations. | Expected Outcome: Operations teams can run the capability confidently with traceable oversight and repeatable execution.",Sprint 1,Provide Secure and Accountable Monitoring Access Control Policies,Operations teams can register monitored assets and view first-line health status in one place.
Deliver Trusted Monitoring Asset Enrollment Governance,"Business Objective: Ensure every monitored asset has clear ownership and accountability so operations teams can act quickly and confidently. | Scope: Include oversight practices, evidence retention expectations, and operating guidance to sustain reliable daily use. | Implementation Guidance: Develop a system that records activity history, preserves required evidence, and guides teams through repeatable operations. | Expected Outcome: Operations teams can run the capability confidently with traceable oversight and repeatable execution.",Sprint 1,Provide Trusted Monitoring Asset Enrollment Control Policies,Operations teams can register monitored assets and view first-line health status in one place.
Deliver Unified Operations Situation Awareness Governance,"Business Objective: Provide a single operational view that helps teams understand current risk and health status at a glance. | Scope: Include oversight practices, evidence retention expectations, and operating guidance to sustain reliable daily use. | Implementation Guidance: Develop a system that records activity history, preserves required evidence, and guides teams through repeatable operations. | Expected Outcome: Operations teams can run the capability confidently with traceable oversight and repeatable execution.",Sprint 1,Provide Unified Operations Situation Awareness Control Policies,Operations teams can register monitored assets and view first-line health status in one place.
Enable Consistent Operational Data Intake Setup,"Business Objective: Ensure operational information is gathered consistently so health decisions are based on complete and current evidence. | Scope: Create the initial consistent operational data intake capability by defining participating assets, ownership assignments, and usage boundaries. | Implementation Guidance: Create a mechanism that captures operational context, ownership, and classification information for controlled use. | Expected Outcome: Operations teams can start using consistent operational data intake with clear accountability and consistent setup standards.",Sprint 1,None,Operations teams can register monitored assets and view first-line health status in one place.
Enable Infrastructure Health Visibility Setup,"Business Objective: Give operations teams clear visibility into computing resource strain before service quality is impacted. | Scope: Create the initial infrastructure health visibility capability by defining participating assets, ownership assignments, and usage boundaries. | Implementation Guidance: Create a mechanism that captures operational context, ownership, and classification information for controlled use. | Expected Outcome: Operations teams can start using infrastructure health visibility with clear accountability and consistent setup standards.",Sprint 1,"Enable Trusted Monitoring Asset Enrollment Setup, Enable Consistent Operational Data Intake Setup",Operations teams can register monitored assets and view first-line health status in one place.
Enable Secure and Accountable Monitoring Access Setup,"Business Objective: Protect monitoring workflows so only authorized staff can view, change, and act on sensitive operational information. | Scope: Create the initial secure and accountable monitoring access capability by defining participating assets, ownership assignments, and usage boundaries. | Implementation Guidance: Create a mechanism that captures operational context, ownership, and classification information for controlled use. | Expected Outcome: Operations teams can start using secure and accountable monitoring access with clear accountability and consistent setup standards.",Sprint 1,None,Operations teams can register monitored assets and view first-line health status in one place.
Enable Trusted Monitoring Asset Enrollment Setup,"Business Objective: Ensure every monitored asset has clear ownership and accountability so operations teams can act quickly and confidently. | Scope: Create the initial trusted monitoring asset enrollment capability by defining participating assets, ownership assignments, and usage boundaries. | Implementation Guidance: Create a mechanism that captures operational context, ownership, and classification information for controlled use. | Expected Outcome: Operations teams can start using trusted monitoring asset enrollment with clear accountability and consistent setup standards.",Sprint 1,None,Operations teams can register monitored assets and view first-line health status in one place.
Enable Unified Operations Situation Awareness Setup,"Business Objective: Provide a single operational view that helps teams understand current risk and health status at a glance. | Scope: Create the initial unified operations situation awareness capability by defining participating assets, ownership assignments, and usage boundaries. | Implementation Guidance: Create a mechanism that captures operational context, ownership, and classification information for controlled use. | Expected Outcome: Operations teams can start using unified operations situation awareness with clear accountability and consistent setup standards.",Sprint 1,"Enable Trusted Monitoring Asset Enrollment Setup, Enable Consistent Operational Data Intake Setup",Operations teams can register monitored assets and view first-line health status in one place.
Provide Consistent Operational Data Intake Control Policies,"Business Objective: Ensure operational information is gathered consistently so health decisions are based on complete and current evidence. | Scope: Include business rules for prioritization, severity handling, and response timing so teams can act consistently. | Implementation Guidance: Establish a process that applies configurable decision criteria and escalation pathways to operational conditions. | Expected Outcome: Operations teams can prioritize work using agreed decision rules and respond with consistent urgency.",Sprint 1,Enable Consistent Operational Data Intake Setup,Operations teams can register monitored assets and view first-line health status in one place.
Provide Infrastructure Health Visibility Control Policies,"Business Objective: Give operations teams clear visibility into computing resource strain before service quality is impacted. | Scope: Include business rules for prioritization, severity handling, and response timing so teams can act consistently. | Implementation Guidance: Establish a process that applies configurable decision criteria and escalation pathways to operational conditions. | Expected Outcome: Operations teams can prioritize work using agreed decision rules and respond with consistent urgency.",Sprint 1,Enable Infrastructure Health Visibility Setup,Operations teams can register monitored assets and view first-line health status in one place.
Provide Secure and Accountable Monitoring Access Control Policies,"Business Objective: Protect monitoring workflows so only authorized staff can view, change, and act on sensitive operational information. | Scope: Include business rules for prioritization, severity handling, and response timing so teams can act consistently. | Implementation Guidance: Establish a process that applies configurable decision criteria and escalation pathways to operational conditions. | Expected Outcome: Operations teams can prioritize work using agreed decision rules and respond with consistent urgency.",Sprint 1,Enable Secure and Accountable Monitoring Access Setup,Operations teams can register monitored assets and view first-line health status in one place.
Provide Trusted Monitoring Asset Enrollment Control Policies,"Business Objective: Ensure every monitored asset has clear ownership and accountability so operations teams can act quickly and confidently. | Scope: Include business rules for prioritization, severity handling, and response timing so teams can act consistently. | Implementation Guidance: Establish a process that applies configurable decision criteria and escalation pathways to operational conditions. | Expected Outcome: Operations teams can prioritize work using agreed decision rules and respond with consistent urgency.",Sprint 1,Enable Trusted Monitoring Asset Enrollment Setup,Operations teams can register monitored assets and view first-line health status in one place.
Provide Unified Operations Situation Awareness Control Policies,"Business Objective: Provide a single operational view that helps teams understand current risk and health status at a glance. | Scope: Include business rules for prioritization, severity handling, and response timing so teams can act consistently. | Implementation Guidance: Establish a process that applies configurable decision criteria and escalation pathways to operational conditions. | Expected Outcome: Operations teams can prioritize work using agreed decision rules and respond with consistent urgency.",Sprint 1,Enable Unified Operations Situation Awareness Setup,Operations teams can register monitored assets and view first-line health status in one place.
Deliver Application Service Health Visibility Governance,"Business Objective: Show whether business applications and critical integrations are functioning as expected for clinical operations. | Scope: Include oversight practices, evidence retention expectations, and operating guidance to sustain reliable daily use. | Implementation Guidance: Develop a system that records activity history, preserves required evidence, and guides teams through repeatable operations. | Expected Outcome: Operations teams can run the capability confidently with traceable oversight and repeatable execution.",Sprint 2,Provide Application Service Health Visibility Control Policies,"Operations teams can assess application, exchange, availability, and processing flow health across core services."
Deliver Clinical Data Exchange Reliability Visibility Governance,"Business Objective: Protect continuity of clinical information sharing by surfacing degraded or delayed exchange activity. | Scope: Include oversight practices, evidence retention expectations, and operating guidance to sustain reliable daily use. | Implementation Guidance: Develop a system that records activity history, preserves required evidence, and guides teams through repeatable operations. | Expected Outcome: Operations teams can run the capability confidently with traceable oversight and repeatable execution.",Sprint 2,Provide Clinical Data Exchange Reliability Visibility Control Policies,"Operations teams can assess application, exchange, availability, and processing flow health across core services."
Deliver Operational Availability Transparency Governance,"Business Objective: Support reliability commitments by continuously showing uptime performance across monitored systems. | Scope: Include oversight practices, evidence retention expectations, and operating guidance to sustain reliable daily use. | Implementation Guidance: Develop a system that records activity history, preserves required evidence, and guides teams through repeatable operations. | Expected Outcome: Operations teams can run the capability confidently with traceable oversight and repeatable execution.",Sprint 2,Provide Operational Availability Transparency Control Policies,"Operations teams can assess application, exchange, availability, and processing flow health across core services."
Deliver Workload Processing Flow Visibility Governance,"Business Objective: Prevent processing delays by exposing backlog growth and throughput bottlenecks in operational workflows. | Scope: Include oversight practices, evidence retention expectations, and operating guidance to sustain reliable daily use. | Implementation Guidance: Develop a system that records activity history, preserves required evidence, and guides teams through repeatable operations. | Expected Outcome: Operations teams can run the capability confidently with traceable oversight and repeatable execution.",Sprint 2,Provide Workload Processing Flow Visibility Control Policies,"Operations teams can assess application, exchange, availability, and processing flow health across core services."
Enable Application Service Health Visibility Setup,"Business Objective: Show whether business applications and critical integrations are functioning as expected for clinical operations. | Scope: Create the initial application service health visibility capability by defining participating assets, ownership assignments, and usage boundaries. | Implementation Guidance: Create a mechanism that captures operational context, ownership, and classification information for controlled use. | Expected Outcome: Operations teams can start using application service health visibility with clear accountability and consistent setup standards.",Sprint 2,"Enable Trusted Monitoring Asset Enrollment Setup, Enable Consistent Operational Data Intake Setup","Operations teams can assess application, exchange, availability, and processing flow health across core services."
Enable Clinical Data Exchange Reliability Visibility Setup,"Business Objective: Protect continuity of clinical information sharing by surfacing degraded or delayed exchange activity. | Scope: Create the initial clinical data exchange reliability visibility capability by defining participating assets, ownership assignments, and usage boundaries. | Implementation Guidance: Create a mechanism that captures operational context, ownership, and classification information for controlled use. | Expected Outcome: Operations teams can start using clinical data exchange reliability visibility with clear accountability and consistent setup standards.",Sprint 2,"Enable Trusted Monitoring Asset Enrollment Setup, Enable Consistent Operational Data Intake Setup","Operations teams can assess application, exchange, availability, and processing flow health across core services."
Enable Operational Availability Transparency Setup,"Business Objective: Support reliability commitments by continuously showing uptime performance across monitored systems. | Scope: Create the initial operational availability transparency capability by defining participating assets, ownership assignments, and usage boundaries. | Implementation Guidance: Create a mechanism that captures operational context, ownership, and classification information for controlled use. | Expected Outcome: Operations teams can start using operational availability transparency with clear accountability and consistent setup standards.",Sprint 2,"Enable Trusted Monitoring Asset Enrollment Setup, Enable Consistent Operational Data Intake Setup","Operations teams can assess application, exchange, availability, and processing flow health across core services."
Enable Workload Processing Flow Visibility Setup,"Business Objective: Prevent processing delays by exposing backlog growth and throughput bottlenecks in operational workflows. | Scope: Create the initial workload processing flow visibility capability by defining participating assets, ownership assignments, and usage boundaries. | Implementation Guidance: Create a mechanism that captures operational context, ownership, and classification information for controlled use. | Expected Outcome: Operations teams can start using workload processing flow visibility with clear accountability and consistent setup standards.",Sprint 2,"Enable Trusted Monitoring Asset Enrollment Setup, Enable Consistent Operational Data Intake Setup","Operations teams can assess application, exchange, availability, and processing flow health across core services."
Provide Application Service Health Visibility Control Policies,"Business Objective: Show whether business applications and critical integrations are functioning as expected for clinical operations. | Scope: Include business rules for prioritization, severity handling, and response timing so teams can act consistently. | Implementation Guidance: Establish a process that applies configurable decision criteria and escalation pathways to operational conditions. | Expected Outcome: Operations teams can prioritize work using agreed decision rules and respond with consistent urgency.",Sprint 2,Enable Application Service Health Visibility Setup,"Operations teams can assess application, exchange, availability, and processing flow health across core services."
Provide Clinical Data Exchange Reliability Visibility Control Policies,"Business Objective: Protect continuity of clinical information sharing by surfacing degraded or delayed exchange activity. | Scope: Include business rules for prioritization, severity handling, and response timing so teams can act consistently. | Implementation Guidance: Establish a process that applies configurable decision criteria and escalation pathways to operational conditions. | Expected Outcome: Operations teams can prioritize work using agreed decision rules and respond with consistent urgency.",Sprint 2,Enable Clinical Data Exchange Reliability Visibility Setup,"Operations teams can assess application, exchange, availability, and processing flow health across core services."
Provide Operational Availability Transparency Control Policies,"Business Objective: Support reliability commitments by continuously showing uptime performance across monitored systems. | Scope: Include business rules for prioritization, severity handling, and response timing so teams can act consistently. | Implementation Guidance: Establish a process that applies configurable decision criteria and escalation pathways to operational conditions. | Expected Outcome: Operations teams can prioritize work using agreed decision rules and respond with consistent urgency.",Sprint 2,Enable Operational Availability Transparency Setup,"Operations teams can assess application, exchange, availability, and processing flow health across core services."
Provide Workload Processing Flow Visibility Control Policies,"Business Objective: Prevent processing delays by exposing backlog growth and throughput bottlenecks in operational workflows. | Scope: Include business rules for prioritization, severity handling, and response timing so teams can act consistently. | Implementation Guidance: Establish a process that applies configurable decision criteria and escalation pathways to operational conditions. | Expected Outcome: Operations teams can prioritize work using agreed decision rules and respond with consistent urgency.",Sprint 2,Enable Workload Processing Flow Visibility Setup,"Operations teams can assess application, exchange, availability, and processing flow health across core services."
Deliver Coordinated Response Communication Governance,"Business Objective: Ensure the right people are informed quickly so critical issues are not delayed by communication gaps. | Scope: Include oversight practices, evidence retention expectations, and operating guidance to sustain reliable daily use. | Implementation Guidance: Develop a system that records activity history, preserves required evidence, and guides teams through repeatable operations. | Expected Outcome: Operations teams can run the capability confidently with traceable oversight and repeatable execution.",Sprint 3,Provide Coordinated Response Communication Control Policies,"Operations teams can receive urgent notifications, coordinate incidents, and investigate issues from shared evidence."
Deliver Evidence-Based Operational Investigation Governance,"Business Objective: Speed root-cause analysis by making operational evidence easy to find and review during incidents. | Scope: Include oversight practices, evidence retention expectations, and operating guidance to sustain reliable daily use. | Implementation Guidance: Develop a system that records activity history, preserves required evidence, and guides teams through repeatable operations. | Expected Outcome: Operations teams can run the capability confidently with traceable oversight and repeatable execution.",Sprint 3,Provide Evidence-Based Operational Investigation Control Policies,"Operations teams can receive urgent notifications, coordinate incidents, and investigate issues from shared evidence."
Deliver Structured Incident Ownership Governance,"Business Objective: Improve resolution outcomes by managing incidents with clear ownership, status tracking, and closure discipline. | Scope: Include oversight practices, evidence retention expectations, and operating guidance to sustain reliable daily use. | Implementation Guidance: Develop a system that records activity history, preserves required evidence, and guides teams through repeatable operations. | Expected Outcome: Operations teams can run the capability confidently with traceable oversight and repeatable execution.",Sprint 3,Provide Structured Incident Ownership Control Policies,"Operations teams can receive urgent notifications, coordinate incidents, and investigate issues from shared evidence."
Deliver Timely Critical Condition Identification Governance,"Business Objective: Reduce response time by identifying high-risk operational conditions as soon as they emerge. | Scope: Include oversight practices, evidence retention expectations, and operating guidance to sustain reliable daily use. | Implementation Guidance: Develop a system that records activity history, preserves required evidence, and guides teams through repeatable operations. | Expected Outcome: Operations teams can run the capability confidently with traceable oversight and repeatable execution.",Sprint 3,Provide Timely Critical Condition Identification Control Policies,"Operations teams can receive urgent notifications, coordinate incidents, and investigate issues from shared evidence."
Enable Coordinated Response Communication Setup,"Business Objective: Ensure the right people are informed quickly so critical issues are not delayed by communication gaps. | Scope: Create the initial coordinated response communication capability by defining participating assets, ownership assignments, and usage boundaries. | Implementation Guidance: Create a mechanism that captures operational context, ownership, and classification information for controlled use. | Expected Outcome: Operations teams can start using coordinated response communication with clear accountability and consistent setup standards.",Sprint 3,"Enable Trusted Monitoring Asset Enrollment Setup, Enable Consistent Operational Data Intake Setup","Operations teams can receive urgent notifications, coordinate incidents, and investigate issues from shared evidence."
Enable Evidence-Based Operational Investigation Setup,"Business Objective: Speed root-cause analysis by making operational evidence easy to find and review during incidents. | Scope: Create the initial evidence-based operational investigation capability by defining participating assets, ownership assignments, and usage boundaries. | Implementation Guidance: Create a mechanism that captures operational context, ownership, and classification information for controlled use. | Expected Outcome: Operations teams can start using evidence-based operational investigation with clear accountability and consistent setup standards.",Sprint 3,"Enable Trusted Monitoring Asset Enrollment Setup, Enable Consistent Operational Data Intake Setup","Operations teams can receive urgent notifications, coordinate incidents, and investigate issues from shared evidence."
Enable Structured Incident Ownership Setup,"Business Objective: Improve resolution outcomes by managing incidents with clear ownership, status tracking, and closure discipline. | Scope: Create the initial structured incident ownership capability by defining participating assets, ownership assignments, and usage boundaries. | Implementation Guidance: Create a mechanism that captures operational context, ownership, and classification information for controlled use. | Expected Outcome: Operations teams can start using structured incident ownership with clear accountability and consistent setup standards.",Sprint 3,"Enable Trusted Monitoring Asset Enrollment Setup, Enable Consistent Operational Data Intake Setup","Operations teams can receive urgent notifications, coordinate incidents, and investigate issues from shared evidence."
Enable Timely Critical Condition Identification Setup,"Business Objective: Reduce response time by identifying high-risk operational conditions as soon as they emerge. | Scope: Create the initial timely critical condition identification capability by defining participating assets, ownership assignments, and usage boundaries. | Implementation Guidance: Create a mechanism that captures operational context, ownership, and classification information for controlled use. | Expected Outcome: Operations teams can start using timely critical condition identification with clear accountability and consistent setup standards.",Sprint 3,"Enable Trusted Monitoring Asset Enrollment Setup, Enable Consistent Operational Data Intake Setup","Operations teams can receive urgent notifications, coordinate incidents, and investigate issues from shared evidence."
Provide Coordinated Response Communication Control Policies,"Business Objective: Ensure the right people are informed quickly so critical issues are not delayed by communication gaps. | Scope: Include business rules for prioritization, severity handling, and response timing so teams can act consistently. | Implementation Guidance: Establish a process that applies configurable decision criteria and escalation pathways to operational conditions. | Expected Outcome: Operations teams can prioritize work using agreed decision rules and respond with consistent urgency.",Sprint 3,Enable Coordinated Response Communication Setup,"Operations teams can receive urgent notifications, coordinate incidents, and investigate issues from shared evidence."
Provide Evidence-Based Operational Investigation Control Policies,"Business Objective: Speed root-cause analysis by making operational evidence easy to find and review during incidents. | Scope: Include business rules for prioritization, severity handling, and response timing so teams can act consistently. | Implementation Guidance: Establish a process that applies configurable decision criteria and escalation pathways to operational conditions. | Expected Outcome: Operations teams can prioritize work using agreed decision rules and respond with consistent urgency.",Sprint 3,Enable Evidence-Based Operational Investigation Setup,"Operations teams can receive urgent notifications, coordinate incidents, and investigate issues from shared evidence."
Provide Structured Incident Ownership Control Policies,"Business Objective: Improve resolution outcomes by managing incidents with clear ownership, status tracking, and closure discipline. | Scope: Include business rules for prioritization, severity handling, and response timing so teams can act consistently. | Implementation Guidance: Establish a process that applies configurable decision criteria and escalation pathways to operational conditions. | Expected Outcome: Operations teams can prioritize work using agreed decision rules and respond with consistent urgency.",Sprint 3,Enable Structured Incident Ownership Setup,"Operations teams can receive urgent notifications, coordinate incidents, and investigate issues from shared evidence."
Provide Timely Critical Condition Identification Control Policies,"Business Objective: Reduce response time by identifying high-risk operational conditions as soon as they emerge. | Scope: Include business rules for prioritization, severity handling, and response timing so teams can act consistently. | Implementation Guidance: Establish a process that applies configurable decision criteria and escalation pathways to operational conditions. | Expected Outcome: Operations teams can prioritize work using agreed decision rules and respond with consistent urgency.",Sprint 3,Enable Timely Critical Condition Identification Setup,"Operations teams can receive urgent notifications, coordinate incidents, and investigate issues from shared evidence."
Deliver Planned Change Risk Control Governance,"Business Objective: Reduce planned-change risk by coordinating maintenance periods with clear timing and communication controls. | Scope: Include oversight practices, evidence retention expectations, and operating guidance to sustain reliable daily use. | Implementation Guidance: Develop a system that records activity history, preserves required evidence, and guides teams through repeatable operations. | Expected Outcome: Operations teams can run the capability confidently with traceable oversight and repeatable execution.",Sprint 4,Provide Planned Change Risk Control Control Policies,Operations teams can apply policy-driven automation and approved corrective actions to recurring issues.
Deliver Policy-Driven Response Decisions Governance,"Business Objective: Standardize response quality by applying consistent decision policies to recurring operational conditions. | Scope: Include oversight practices, evidence retention expectations, and operating guidance to sustain reliable daily use. | Implementation Guidance: Develop a system that records activity history, preserves required evidence, and guides teams through repeatable operations. | Expected Outcome: Operations teams can run the capability confidently with traceable oversight and repeatable execution.",Sprint 4,Provide Policy-Driven Response Decisions Control Policies,Operations teams can apply policy-driven automation and approved corrective actions to recurring issues.
Deliver Reliable Operations Automation Oversight Governance,"Business Objective: Scale operational consistency by governing automated workflows and their execution controls. | Scope: Include oversight practices, evidence retention expectations, and operating guidance to sustain reliable daily use. | Implementation Guidance: Develop a system that records activity history, preserves required evidence, and guides teams through repeatable operations. | Expected Outcome: Operations teams can run the capability confidently with traceable oversight and repeatable execution.",Sprint 4,Provide Reliable Operations Automation Oversight Control Policies,Operations teams can apply policy-driven automation and approved corrective actions to recurring issues.
Deliver Safe Automated Issue Correction Governance,"Business Objective: Lower disruption duration by enabling approved corrective actions to run quickly and safely. | Scope: Include oversight practices, evidence retention expectations, and operating guidance to sustain reliable daily use. | Implementation Guidance: Develop a system that records activity history, preserves required evidence, and guides teams through repeatable operations. | Expected Outcome: Operations teams can run the capability confidently with traceable oversight and repeatable execution.",Sprint 4,Provide Safe Automated Issue Correction Control Policies,Operations teams can apply policy-driven automation and approved corrective actions to recurring issues.
Enable Planned Change Risk Control Setup,"Business Objective: Reduce planned-change risk by coordinating maintenance periods with clear timing and communication controls. | Scope: Create the initial planned change risk control capability by defining participating assets, ownership assignments, and usage boundaries. | Implementation Guidance: Create a mechanism that captures operational context, ownership, and classification information for controlled use. | Expected Outcome: Operations teams can start using planned change risk control with clear accountability and consistent setup standards.",Sprint 4,"Enable Trusted Monitoring Asset Enrollment Setup, Enable Consistent Operational Data Intake Setup",Operations teams can apply policy-driven automation and approved corrective actions to recurring issues.
Enable Policy-Driven Response Decisions Setup,"Business Objective: Standardize response quality by applying consistent decision policies to recurring operational conditions. | Scope: Create the initial policy-driven response decisions capability by defining participating assets, ownership assignments, and usage boundaries. | Implementation Guidance: Create a mechanism that captures operational context, ownership, and classification information for controlled use. | Expected Outcome: Operations teams can start using policy-driven response decisions with clear accountability and consistent setup standards.",Sprint 4,"Enable Trusted Monitoring Asset Enrollment Setup, Enable Consistent Operational Data Intake Setup",Operations teams can apply policy-driven automation and approved corrective actions to recurring issues.
Enable Reliable Operations Automation Oversight Setup,"Business Objective: Scale operational consistency by governing automated workflows and their execution controls. | Scope: Create the initial reliable operations automation oversight capability by defining participating assets, ownership assignments, and usage boundaries. | Implementation Guidance: Create a mechanism that captures operational context, ownership, and classification information for controlled use. | Expected Outcome: Operations teams can start using reliable operations automation oversight with clear accountability and consistent setup standards.",Sprint 4,"Enable Trusted Monitoring Asset Enrollment Setup, Enable Consistent Operational Data Intake Setup",Operations teams can apply policy-driven automation and approved corrective actions to recurring issues.
Enable Safe Automated Issue Correction Setup,"Business Objective: Lower disruption duration by enabling approved corrective actions to run quickly and safely. | Scope: Create the initial safe automated issue correction capability by defining participating assets, ownership assignments, and usage boundaries. | Implementation Guidance: Create a mechanism that captures operational context, ownership, and classification information for controlled use. | Expected Outcome: Operations teams can start using safe automated issue correction with clear accountability and consistent setup standards.",Sprint 4,"Enable Trusted Monitoring Asset Enrollment Setup, Enable Consistent Operational Data Intake Setup",Operations teams can apply policy-driven automation and approved corrective actions to recurring issues.
Provide Planned Change Risk Control Control Policies,"Business Objective: Reduce planned-change risk by coordinating maintenance periods with clear timing and communication controls. | Scope: Include business rules for prioritization, severity handling, and response timing so teams can act consistently. | Implementation Guidance: Establish a process that applies configurable decision criteria and escalation pathways to operational conditions. | Expected Outcome: Operations teams can prioritize work using agreed decision rules and respond with consistent urgency.",Sprint 4,Enable Planned Change Risk Control Setup,Operations teams can apply policy-driven automation and approved corrective actions to recurring issues.
Provide Policy-Driven Response Decisions Control Policies,"Business Objective: Standardize response quality by applying consistent decision policies to recurring operational conditions. | Scope: Include business rules for prioritization, severity handling, and response timing so teams can act consistently. | Implementation Guidance: Establish a process that applies configurable decision criteria and escalation pathways to operational conditions. | Expected Outcome: Operations teams can prioritize work using agreed decision rules and respond with consistent urgency.",Sprint 4,Enable Policy-Driven Response Decisions Setup,Operations teams can apply policy-driven automation and approved corrective actions to recurring issues.
Provide Reliable Operations Automation Oversight Control Policies,"Business Objective: Scale operational consistency by governing automated workflows and their execution controls. | Scope: Include business rules for prioritization, severity handling, and response timing so teams can act consistently. | Implementation Guidance: Establish a process that applies configurable decision criteria and escalation pathways to operational conditions. | Expected Outcome: Operations teams can prioritize work using agreed decision rules and respond with consistent urgency.",Sprint 4,Enable Reliable Operations Automation Oversight Setup,Operations teams can apply policy-driven automation and approved corrective actions to recurring issues.
Provide Safe Automated Issue Correction Control Policies,"Business Objective: Lower disruption duration by enabling approved corrective actions to run quickly and safely. | Scope: Include business rules for prioritization, severity handling, and response timing so teams can act consistently. | Implementation Guidance: Establish a process that applies configurable decision criteria and escalation pathways to operational conditions. | Expected Outcome: Operations teams can prioritize work using agreed decision rules and respond with consistent urgency.",Sprint 4,Enable Safe Automated Issue Correction Setup,Operations teams can apply policy-driven automation and approved corrective actions to recurring issues.
Deliver Business Workflow Reliability Visibility Governance,"Business Objective: Reveal workflow interruptions early so patient-facing and internal business processes stay on track. | Scope: Include oversight practices, evidence retention expectations, and operating guidance to sustain reliable daily use. | Implementation Guidance: Develop a system that records activity history, preserves required evidence, and guides teams through repeatable operations. | Expected Outcome: Operations teams can run the capability confidently with traceable oversight and repeatable execution.",Sprint 5,Provide Business Workflow Reliability Visibility Control Policies,Operations teams can review performance trends and workflow reliability to guide improvement priorities.
Deliver Historical Performance Insight Governance,"Business Objective: Support planning and service improvement with trend-based reporting on operational performance over time. | Scope: Include oversight practices, evidence retention expectations, and operating guidance to sustain reliable daily use. | Implementation Guidance: Develop a system that records activity history, preserves required evidence, and guides teams through repeatable operations. | Expected Outcome: Operations teams can run the capability confidently with traceable oversight and repeatable execution.",Sprint 5,Provide Historical Performance Insight Control Policies,Operations teams can review performance trends and workflow reliability to guide improvement priorities.
Enable Business Workflow Reliability Visibility Setup,"Business Objective: Reveal workflow interruptions early so patient-facing and internal business processes stay on track. | Scope: Create the initial business workflow reliability visibility capability by defining participating assets, ownership assignments, and usage boundaries. | Implementation Guidance: Create a mechanism that captures operational context, ownership, and classification information for controlled use. | Expected Outcome: Operations teams can start using business workflow reliability visibility with clear accountability and consistent setup standards.",Sprint 5,"Enable Trusted Monitoring Asset Enrollment Setup, Enable Consistent Operational Data Intake Setup",Operations teams can review performance trends and workflow reliability to guide improvement priorities.
Enable Historical Performance Insight Setup,"Business Objective: Support planning and service improvement with trend-based reporting on operational performance over time. | Scope: Create the initial historical performance insight capability by defining participating assets, ownership assignments, and usage boundaries. | Implementation Guidance: Create a mechanism that captures operational context, ownership, and classification information for controlled use. | Expected Outcome: Operations teams can start using historical performance insight with clear accountability and consistent setup standards.",Sprint 5,"Enable Trusted Monitoring Asset Enrollment Setup, Enable Consistent Operational Data Intake Setup",Operations teams can review performance trends and workflow reliability to guide improvement priorities.
Provide Business Workflow Reliability Visibility Control Policies,"Business Objective: Reveal workflow interruptions early so patient-facing and internal business processes stay on track. | Scope: Include business rules for prioritization, severity handling, and response timing so teams can act consistently. | Implementation Guidance: Establish a process that applies configurable decision criteria and escalation pathways to operational conditions. | Expected Outcome: Operations teams can prioritize work using agreed decision rules and respond with consistent urgency.",Sprint 5,Enable Business Workflow Reliability Visibility Setup,Operations teams can review performance trends and workflow reliability to guide improvement priorities.
Provide Historical Performance Insight Control Policies,"Business Objective: Support planning and service improvement with trend-based reporting on operational performance over time. | Scope: Include business rules for prioritization, severity handling, and response timing so teams can act consistently. | Implementation Guidance: Establish a process that applies configurable decision criteria and escalation pathways to operational conditions. | Expected Outcome: Operations teams can prioritize work using agreed decision rules and respond with consistent urgency.",Sprint 5,Enable Historical Performance Insight Setup,Operations teams can review performance trends and workflow reliability to guide improvement priorities.
Deliver Continuous Monitoring Solution Currency Governance,"Business Objective: Keep monitoring capabilities current without manual rollout delays that increase operational exposure. | Scope: Include oversight practices, evidence retention expectations, and operating guidance to sustain reliable daily use. | Implementation Guidance: Develop a system that records activity history, preserves required evidence, and guides teams through repeatable operations. | Expected Outcome: Operations teams can run the capability confidently with traceable oversight and repeatable execution.",Sprint 6,Provide Continuous Monitoring Solution Currency Control Policies,Operations teams can use AI-assisted guidance and continuous solution updates to sustain operational maturity.
Deliver Practical AI-Assisted Operations Guidance Governance,"Business Objective: Increase team efficiency with affordable AI-generated guidance that prioritizes clear, actionable next steps. | Scope: Include oversight practices, evidence retention expectations, and operating guidance to sustain reliable daily use. | Implementation Guidance: Develop a system that records activity history, preserves required evidence, and guides teams through repeatable operations. | Expected Outcome: Operations teams can run the capability confidently with traceable oversight and repeatable execution.",Sprint 6,Provide Practical AI-Assisted Operations Guidance Control Policies,Operations teams can use AI-assisted guidance and continuous solution updates to sustain operational maturity.
Enable Continuous Monitoring Solution Currency Setup,"Business Objective: Keep monitoring capabilities current without manual rollout delays that increase operational exposure. | Scope: Create the initial continuous monitoring solution currency capability by defining participating assets, ownership assignments, and usage boundaries. | Implementation Guidance: Create a mechanism that captures operational context, ownership, and classification information for controlled use. | Expected Outcome: Operations teams can start using continuous monitoring solution currency with clear accountability and consistent setup standards.",Sprint 6,"Enable Trusted Monitoring Asset Enrollment Setup, Enable Consistent Operational Data Intake Setup",Operations teams can use AI-assisted guidance and continuous solution updates to sustain operational maturity.
Enable Practical AI-Assisted Operations Guidance Setup,"Business Objective: Increase team efficiency with affordable AI-generated guidance that prioritizes clear, actionable next steps. | Scope: Create the initial practical ai-assisted operations guidance capability by defining participating assets, ownership assignments, and usage boundaries. | Implementation Guidance: Create a mechanism that captures operational context, ownership, and classification information for controlled use. | Expected Outcome: Operations teams can start using practical ai-assisted operations guidance with clear accountability and consistent setup standards.",Sprint 6,"Enable Trusted Monitoring Asset Enrollment Setup, Enable Consistent Operational Data Intake Setup",Operations teams can use AI-assisted guidance and continuous solution updates to sustain operational maturity.
Provide Continuous Monitoring Solution Currency Control Policies,"Business Objective: Keep monitoring capabilities current without manual rollout delays that increase operational exposure. | Scope: Include business rules for prioritization, severity handling, and response timing so teams can act consistently. | Implementation Guidance: Establish a process that applies configurable decision criteria and escalation pathways to operational conditions. | Expected Outcome: Operations teams can prioritize work using agreed decision rules and respond with consistent urgency.",Sprint 6,Enable Continuous Monitoring Solution Currency Setup,Operations teams can use AI-assisted guidance and continuous solution updates to sustain operational maturity.
Provide Practical AI-Assisted Operations Guidance Control Policies,"Business Objective: Increase team efficiency with affordable AI-generated guidance that prioritizes clear, actionable next steps. | Scope: Include business rules for prioritization, severity handling, and response timing so teams can act consistently. | Implementation Guidance: Establish a process that applies configurable decision criteria and escalation pathways to operational conditions. | Expected Outcome: Operations teams can prioritize work using agreed decision rules and respond with consistent urgency.",Sprint 6,Enable Practical AI-Assisted Operations Guidance Setup,Operations teams can use AI-assisted guidance and continuous solution updates to sustain operational maturity.
